fam,p,mult,exp_m,payout,be,is_trades,is_wr,is_wlow,is_profit,is_dd,oos_trades,oos_wr,oos_wlow,oos_profit,oos_dd,veredito
keltner_EMA_ATR,50,1.5,60,0.9,0.5263,11859,0.5335,0.5245,232408.99,0.6053,5051,0.5359,0.5222,4017.02,0.4813,FAIL
keltner_EMA_ATR,200,2.5,60,0.9,0.5263,15067,0.5186,0.5106,164716.85,0.8244,6448,0.516,0.5038,2171.38,0.5149,FAIL
stretch_SMA_ATR,50,1.5,60,0.9,0.5263,13496,0.5282,0.5197,73846.38,0.7034,5628,0.5373,0.5243,20759.48,0.5682,FAIL
keltner_EMA_ATR,200,1.5,60,0.9,0.5263,18662,0.514,0.5068,67374.22,0.742,7980,0.5188,0.5078,3935.71,0.6427,FAIL
stretch_SMA_ATR,50,2.0,60,0.9,0.5263,10315,0.5294,0.5198,63781.45,0.6363,4268,0.537,0.522,4495.05,0.5181,FAIL
keltner_EMA_ATR,20,1.5,60,0.9,0.5263,5507,0.5449,0.5318,54334.68,0.3818,2516,0.5473,0.5278,2135.48,0.4103,PASS
stretch_SMA_ATR,20,1.5,60,0.9,0.5263,7263,0.5386,0.5271,51156.28,0.4877,3349,0.5452,0.5283,11517.66,0.5243,PASS
stretch_SMA_ATR,50,2.5,60,0.9,0.5263,7642,0.5348,0.5236,49638.29,0.4892,3153,0.5414,0.524,1244.38,0.636,FAIL
keltner_EMA_ATR,20,1.5,30,0.9,0.5263,5508,0.5492,0.536,46134.46,0.4133,2516,0.5401,0.5206,2741.95,0.4222,FAIL
stretch_SMA_ATR,20,1.5,30,0.9,0.5263,7264,0.543,0.5315,39051.06,0.5166,3349,0.5378,0.5209,3391.32,0.3642,FAIL
keltner_EMA_ATR,20,1.5,15,0.9,0.5263,5508,0.5543,0.5411,33366.07,0.5981,2516,0.5441,0.5246,1996.48,0.3356,FAIL
keltner_EMA_ATR,200,2.0,60,0.9,0.5263,16880,0.5153,0.5078,33211.93,0.7719,7180,0.5177,0.5061,3563.06,0.5971,FAIL
keltner_EMA_ATR,50,2.0,60,0.9,0.5263,8464,0.5337,0.523,30277.91,0.6805,3659,0.5403,0.5241,4257.04,0.5733,FAIL
stretch_SMA_ATR,20,2.0,60,0.9,0.5263,4334,0.5443,0.5294,27055.54,0.6145,2013,0.5509,0.5291,3353.16,0.4817,PASS
keltner_EMA_ATR,50,1.5,30,0.9,0.5263,11860,0.5351,0.5261,27023.95,0.6642,5052,0.5277,0.5139,284.86,0.6108,FAIL
stretch_SMA_ATR,200,2.0,60,0.9,0.5263,17820,0.5127,0.5053,24196.0,0.8502,7705,0.5141,0.5029,1607.6,0.8134,FAIL
stretch_SMA_ATR,20,2.0,30,0.9,0.5263,4334,0.5457,0.5308,22060.58,0.6376,2013,0.5445,0.5226,2702.0,0.3316,FAIL
stretch_SMA_ATR,200,2.5,60,0.9,0.5263,16266,0.5141,0.5064,20487.87,0.8433,7044,0.515,0.5034,1005.23,0.678,FAIL
stretch_SMA_ATR,200,1.5,60,0.9,0.5263,19415,0.5119,0.5048,19990.62,0.7978,8360,0.5136,0.5029,297.83,0.8922,FAIL
keltner_EMA_ATR,50,1.5,60,0.87,0.5348,11859,0.5335,0.5245,19664.23,0.6771,5051,0.5359,0.5222,1375.21,0.4954,FAIL
keltner_EMA_ATR,50,2.0,30,0.9,0.5263,8465,0.5373,0.5266,16853.69,0.5649,3659,0.5283,0.5121,351.33,0.5668,FAIL
stretch_SMA_ATR,50,2.5,30,0.9,0.5263,7643,0.5354,0.5242,15672.37,0.6485,3153,0.5249,0.5074,-363.44,0.7335,FAIL
stretch_SMA_ATR,20,2.0,15,0.9,0.5263,4334,0.551,0.5361,14471.05,0.5857,2013,0.545,0.5231,2874.55,0.2991,FAIL
keltner_EMA_ATR,20,1.5,60,0.87,0.5348,5507,0.5449,0.5318,14150.94,0.3864,2516,0.5473,0.5278,656.78,0.4993,FAIL
stretch_SMA_ATR,50,2.5,60,0.87,0.5348,7642,0.5348,0.5236,14115.89,0.5024,3153,0.5414,0.524,336.81,0.6753,FAIL
keltner_EMA_ATR,200,2.5,60,0.87,0.5348,15067,0.5186,0.5106,14059.16,0.9223,6448,0.516,0.5038,411.52,0.5624,FAIL
stretch_SMA_ATR,50,2.0,60,0.87,0.5348,10315,0.5294,0.5198,13253.58,0.6888,4268,0.537,0.522,1695.41,0.5237,FAIL
keltner_EMA_ATR,20,1.5,30,0.87,0.5348,5508,0.5492,0.536,12165.92,0.4497,2516,0.5401,0.5206,1333.01,0.4017,FAIL
stretch_SMA_ATR,50,2.0,30,0.9,0.5263,10316,0.5336,0.524,11582.17,0.5611,4269,0.5275,0.5125,77.61,0.6516,FAIL
keltner_EMA_ATR,50,2.0,15,0.9,0.5263,8464,0.5405,0.5299,11393.74,0.6327,3656,0.5429,0.5268,1975.94,0.4358,PASS
stretch_SMA_ATR,20,2.0,60,0.87,0.5348,4334,0.5443,0.5294,11089.18,0.6417,2013,0.5509,0.5291,2184.03,0.4881,FAIL
stretch_SMA_ATR,20,1.5,60,0.87,0.5348,7263,0.5386,0.5271,10952.49,0.4812,3349,0.5452,0.5283,5590.45,0.4802,FAIL
keltner_EMA_ATR,50,2.5,60,0.9,0.5263,5806,0.5351,0.5223,10862.52,0.6334,2526,0.5479,0.5284,2647.76,0.6049,PASS
stretch_SMA_ATR,20,1.5,15,0.9,0.5263,7264,0.5482,0.5367,8401.55,0.4379,3349,0.5431,0.5262,2896.39,0.394,FAIL
stretch_SMA_ATR,50,1.5,60,0.87,0.5348,13496,0.5282,0.5197,7703.98,0.7598,5628,0.5373,0.5243,5679.09,0.666,FAIL
stretch_SMA_ATR,20,2.0,30,0.87,0.5348,4334,0.5457,0.5308,6772.61,0.661,2013,0.5445,0.5226,1689.59,0.3335,FAIL
keltner_EMA_ATR,20,1.5,15,0.87,0.5348,5508,0.5543,0.5411,6615.35,0.5781,2516,0.5441,0.5246,815.96,0.319,FAIL
stretch_SMA_ATR,20,1.5,30,0.87,0.5348,7264,0.543,0.5315,6345.37,0.5116,3349,0.5378,0.5209,1935.99,0.3736,FAIL
stretch_SMA_ATR,50,1.5,30,0.9,0.5263,13498,0.53,0.5216,6164.7,0.8233,5629,0.529,0.516,2378.43,0.5144,FAIL
keltner_EMA_ATR,50,2.0,60,0.87,0.5348,8464,0.5337,0.523,6064.16,0.7226,3659,0.5403,0.5241,1074.15,0.6448,FAIL
keltner_EMA_ATR,50,2.5,30,0.9,0.5263,5807,0.5328,0.52,4915.27,0.5826,2526,0.5226,0.5031,-217.58,0.692,FAIL
stretch_SMA_ATR,20,2.0,15,0.87,0.5348,4334,0.551,0.5361,4757.74,0.6117,2013,0.545,0.5231,1629.69,0.256,FAIL
keltner_EMA_ATR,20,2.0,30,0.9,0.5263,3000,0.5403,0.5225,4392.91,0.4862,1360,0.5353,0.5087,82.49,0.4782,FAIL
stretch_SMA_ATR,50,2.5,30,0.87,0.5348,7643,0.5354,0.5242,3726.38,0.7204,3153,0.5249,0.5074,-558.2,0.7498,FAIL
keltner_EMA_ATR,20,2.0,60,0.9,0.5263,3000,0.539,0.5211,3658.24,0.427,1361,0.5459,0.5194,1317.79,0.4344,FAIL
keltner_EMA_ATR,200,1.5,60,0.87,0.5348,18662,0.514,0.5068,3643.57,0.8715,7980,0.5188,0.5078,707.96,0.6181,FAIL
keltner_EMA_ATR,20,2.0,15,0.9,0.5263,3000,0.551,0.5331,3619.44,0.5086,1361,0.5283,0.5017,-53.22,0.3836,FAIL
keltner_EMA_ATR,50,1.5,30,0.87,0.5348,11860,0.5351,0.5261,3458.41,0.7061,5052,0.5277,0.5139,-351.78,0.7251,FAIL
keltner_EMA_ATR,50,2.5,15,0.9,0.5263,5807,0.5352,0.5224,3348.62,0.7376,2525,0.535,0.5156,111.0,0.6344,FAIL
keltner_EMA_ATR,50,2.5,60,0.87,0.5348,5806,0.5351,0.5223,3252.88,0.6356,2526,0.5479,0.5284,1401.28,0.6158,FAIL
stretch_SMA_ATR,20,2.5,30,0.9,0.5263,2496,0.5345,0.5148,2916.81,0.6582,1155,0.5385,0.5097,1115.46,0.37,FAIL
keltner_EMA_ATR,50,2.0,30,0.87,0.5348,8465,0.5373,0.5266,2876.9,0.5872,3659,0.5283,0.5121,-178.72,0.641,FAIL
stretch_SMA_ATR,20,2.5,60,0.9,0.5263,2496,0.5325,0.5128,2688.44,0.5983,1155,0.5359,0.5071,500.85,0.436,FAIL
stretch_SMA_ATR,20,2.5,15,0.9,0.5263,2496,0.5421,0.5225,2657.33,0.5566,1155,0.5325,0.5036,759.24,0.2456,FAIL
keltner_EMA_ATR,20,2.5,15,0.9,0.5263,1558,0.5481,0.5233,2223.17,0.2222,710,0.5718,0.5351,1019.84,0.3028,PASS
keltner_EMA_ATR,20,2.0,30,0.87,0.5348,3000,0.5403,0.5225,2192.19,0.5029,1360,0.5353,0.5087,-111.1,0.5168,FAIL
stretch_SMA_ATR,20,2.5,30,0.87,0.5348,2496,0.5345,0.5148,2176.38,0.6219,1155,0.5385,0.5097,844.37,0.3554,FAIL
keltner_EMA_ATR,50,1.5,15,0.9,0.5263,11858,0.5347,0.5257,1882.23,0.6082,5049,0.5352,0.5214,180.09,0.6413,FAIL
stretch_SMA_ATR,50,2.0,15,0.9,0.5263,10315,0.5351,0.5255,1791.95,0.5626,4266,0.5352,0.5202,276.6,0.612,FAIL
stretch_SMA_ATR,50,2.0,30,0.87,0.5348,10316,0.5336,0.524,1665.74,0.6683,4269,0.5275,0.5125,-376.4,0.6747,FAIL
keltner_EMA_ATR,20,2.0,60,0.87,0.5348,3000,0.539,0.5211,1606.02,0.4176,1361,0.5459,0.5194,886.41,0.4191,FAIL
keltner_EMA_ATR,20,2.0,15,0.87,0.5348,3000,0.551,0.5331,1562.62,0.4933,1361,0.5283,0.5017,-256.58,0.4514,FAIL
keltner_EMA_ATR,50,2.0,15,0.87,0.5348,8464,0.5405,0.5299,1418.94,0.7039,3656,0.5429,0.5268,197.01,0.5225,FAIL
stretch_SMA_ATR,20,2.5,60,0.87,0.5348,2496,0.5325,0.5128,1244.05,0.6002,1155,0.5359,0.5071,283.25,0.4122,FAIL
stretch_SMA_ATR,50,2.5,15,0.9,0.5263,7642,0.5378,0.5266,1236.53,0.8046,3150,0.5368,0.5194,714.75,0.544,FAIL
keltner_EMA_ATR,20,2.5,15,0.87,0.5348,1558,0.5481,0.5233,1200.13,0.2176,710,0.5718,0.5351,546.5,0.3036,PASS
keltner_EMA_ATR,50,2.5,30,0.87,0.5348,5807,0.5328,0.52,1060.55,0.65,2526,0.5226,0.5031,-370.29,0.6861,FAIL
stretch_SMA_ATR,20,2.5,15,0.87,0.5348,2496,0.5421,0.5225,1033.31,0.5642,1155,0.5325,0.5036,465.58,0.2534,FAIL
keltner_EMA_ATR,20,2.5,60,0.9,0.5263,1558,0.5231,0.4983,972.65,0.2493,710,0.5423,0.5055,172.3,0.4019,FAIL
stretch_SMA_ATR,20,1.5,15,0.87,0.5348,7264,0.5482,0.5367,503.67,0.469,3349,0.5431,0.5262,885.39,0.358,FAIL
keltner_EMA_ATR,200,2.0,60,0.87,0.5348,16880,0.5153,0.5078,419.39,0.8852,7180,0.5177,0.5061,663.18,0.5849,FAIL
keltner_EMA_ATR,20,2.5,60,0.87,0.5348,1558,0.5231,0.4983,373.58,0.2429,710,0.5423,0.5055,-69.1,0.455,FAIL
keltner_EMA_ATR,50,2.5,15,0.87,0.5348,5807,0.5352,0.5224,245.99,0.7621,2525,0.535,0.5156,-273.65,0.6642,FAIL
keltner_EMA_ATR,20,2.5,30,0.9,0.5263,1558,0.5193,0.4944,82.43,0.3582,710,0.5549,0.5182,42.85,0.4407,FAIL
stretch_SMA_ATR,200,2.5,60,0.87,0.5348,16266,0.5141,0.5064,62.17,0.9132,7044,0.515,0.5034,-323.02,0.7791,FAIL
keltner_EMA_ATR,20,2.5,30,0.87,0.5348,1558,0.5193,0.4944,-218.29,0.4373,710,0.5549,0.5182,-93.48,0.4711,FAIL
stretch_SMA_ATR,50,1.5,15,0.9,0.5263,13496,0.5302,0.5217,-272.14,0.8143,5625,0.534,0.521,132.69,0.7229,FAIL
stretch_SMA_ATR,50,2.5,15,0.87,0.5348,7642,0.5378,0.5266,-334.67,0.8338,3150,0.5368,0.5194,-73.97,0.6247,FAIL
stretch_SMA_ATR,50,1.5,30,0.87,0.5348,13498,0.53,0.5216,-372.17,0.8587,5629,0.529,0.516,784.65,0.5233,FAIL
stretch_SMA_ATR,50,2.0,15,0.87,0.5348,10315,0.5351,0.5255,-578.83,0.7221,4266,0.5352,0.5202,-397.6,0.7211,FAIL
keltner_EMA_ATR,50,1.5,15,0.87,0.5348,11858,0.5347,0.5257,-662.94,0.7763,5049,0.5352,0.5214,-499.81,0.777,FAIL
keltner_EMA_ATR,200,2.5,30,0.9,0.5263,15066,0.5173,0.5093,-897.78,0.9867,6444,0.5054,0.4932,-898.72,0.9065,FAIL
stretch_SMA_ATR,50,1.5,15,0.87,0.5348,13496,0.5302,0.5217,-941.36,0.9494,5625,0.534,0.521,-492.65,0.7744,FAIL
keltner_EMA_ATR,200,2.0,30,0.9,0.5263,16879,0.5166,0.509,-949.54,0.987,7177,0.5079,0.4963,-928.65,0.9362,FAIL
stretch_SMA_ATR,200,2.5,30,0.9,0.5263,16266,0.5154,0.5077,-1003.5,1.0042,7040,0.5061,0.4944,-950.41,0.9731,FAIL
keltner_EMA_ATR,200,1.5,30,0.9,0.5263,18661,0.5156,0.5084,-1018.74,1.0355,7977,0.5092,0.4982,-897.92,0.9313,FAIL
stretch_SMA_ATR,200,2.0,30,0.9,0.5263,17820,0.5144,0.507,-1062.51,1.073,7701,0.5054,0.4942,-1001.3,1.0255,FAIL
keltner_EMA_ATR,200,2.5,15,0.9,0.5263,15061,0.5137,0.5057,-1097.74,1.0942,6440,0.5165,0.5042,-845.08,0.8551,FAIL
keltner_EMA_ATR,200,2.0,15,0.9,0.5263,16874,0.5129,0.5054,-1116.44,1.1197,7173,0.5158,0.5043,-915.54,0.9209,FAIL
stretch_SMA_ATR,200,2.5,15,0.9,0.5263,16261,0.5112,0.5035,-1137.2,1.1324,7034,0.5135,0.5018,-937.93,0.9466,FAIL
stretch_SMA_ATR,200,1.5,30,0.9,0.5263,19415,0.5129,0.5059,-1142.82,1.1386,8356,0.505,0.4943,-1031.11,1.0587,FAIL
keltner_EMA_ATR,200,2.5,30,0.87,0.5348,15066,0.5173,0.5093,-1144.19,1.14,6444,0.5054,0.4932,-985.5,0.9962,FAIL
keltner_EMA_ATR,200,1.5,15,0.9,0.5263,18656,0.5123,0.5052,-1169.89,1.1487,7973,0.5159,0.5049,-892.29,0.8962,FAIL
keltner_EMA_ATR,200,2.0,30,0.87,0.5348,16879,0.5166,0.509,-1187.57,1.1763,7177,0.5079,0.4963,-1009.91,1.0182,FAIL
stretch_SMA_ATR,200,2.0,60,0.87,0.5348,17820,0.5127,0.5053,-1195.53,1.1721,7705,0.5141,0.5029,-387.06,0.8843,FAIL
stretch_SMA_ATR,200,2.5,30,0.87,0.5348,16266,0.5154,0.5077,-1200.81,1.1947,7040,0.5061,0.4944,-1004.33,1.0257,FAIL
stretch_SMA_ATR,200,2.0,15,0.9,0.5263,17815,0.511,0.5036,-1232.92,1.2248,7695,0.512,0.5008,-971.21,0.9837,FAIL
keltner_EMA_ATR,200,1.5,30,0.87,0.5348,18661,0.5156,0.5084,-1250.24,1.2425,7977,0.5092,0.4982,-1028.15,1.0352,FAIL
stretch_SMA_ATR,200,2.0,30,0.87,0.5348,17820,0.5144,0.507,-1282.6,1.2737,7701,0.5054,0.4942,-1062.38,1.0851,FAIL
keltner_EMA_ATR,200,2.5,15,0.87,0.5348,15061,0.5137,0.5057,-1286.51,1.2721,6440,0.5165,0.5042,-931.51,0.9367,FAIL
stretch_SMA_ATR,200,1.5,15,0.9,0.5263,19410,0.509,0.5019,-1301.04,1.2905,8351,0.5122,0.5014,-984.72,0.9968,FAIL
stretch_SMA_ATR,200,2.5,15,0.87,0.5348,16261,0.5112,0.5035,-1340.17,1.3286,7034,0.5135,0.5018,-974.73,0.9833,FAIL
keltner_EMA_ATR,200,2.0,15,0.87,0.5348,16874,0.5129,0.5054,-1341.64,1.3284,7173,0.5158,0.5043,-974.27,0.9793,FAIL
stretch_SMA_ATR,200,1.5,60,0.87,0.5348,19415,0.5119,0.5048,-1364.98,1.3526,8360,0.5136,0.5029,-904.45,0.9862,FAIL
stretch_SMA_ATR,200,1.5,30,0.87,0.5348,19415,0.5129,0.5059,-1395.55,1.3828,8356,0.505,0.4943,-1108.28,1.1343,FAIL
keltner_EMA_ATR,200,1.5,15,0.87,0.5348,18656,0.5123,0.5052,-1421.09,1.3773,7973,0.5159,0.5049,-980.47,0.9845,FAIL
stretch_SMA_ATR,200,2.0,15,0.87,0.5348,17815,0.511,0.5036,-1461.46,1.4458,7695,0.512,0.5008,-1032.51,1.0443,FAIL
stretch_SMA_ATR,200,1.5,15,0.87,0.5348,19410,0.509,0.5019,-1555.07,1.5363,8351,0.5122,0.5014,-1060.92,1.0721,FAIL
