tag,rsi_per,ob,os_,macro_ema,exp_m,payout,be,is_trades,is_wr,is_wlow,is_profit,is_dd,oos_trades,oos_wr,oos_wlow,oos_profit,oos_dd,veredito
RSI7 35/65 noMacro exp30m,7,65,35,None,30,0.9,0.5263,3094,0.5446,0.527,7048.12,0.332,1323,0.5193,0.4923,-429.53,0.5282,FAIL
RSI7 30/70 noMacro exp15m,7,70,30,None,15,0.9,0.5263,1733,0.5672,0.5438,6104.2,0.381,777,0.5302,0.4951,-182.19,0.3933,FAIL
RSI7 35/65 noMacro exp15m,7,65,35,None,15,0.9,0.5263,3094,0.5511,0.5335,5261.02,0.3129,1322,0.5234,0.4965,-235.32,0.5488,FAIL
RSI7 30/70 noMacro exp30m,7,70,30,None,30,0.9,0.5263,1733,0.5591,0.5357,4907.52,0.3295,777,0.5277,0.4925,-439.7,0.4916,FAIL
RSI7 30/70 noMacro exp60m,7,70,30,None,60,0.9,0.5263,1732,0.5543,0.5308,4261.98,0.3418,777,0.5302,0.4951,-335.38,0.4799,FAIL
RSI10 35/65 noMacro exp15m,10,65,35,None,15,0.9,0.5263,2283,0.558,0.5376,3970.29,0.3279,1027,0.5161,0.4855,-441.58,0.4965,FAIL
RSI10 35/65 noMacro exp60m,10,65,35,None,60,0.9,0.5263,2282,0.5517,0.5312,3597.81,0.4753,1027,0.5141,0.4836,-42.65,0.4454,FAIL
RSI7 30/70 noMacro exp15m,7,70,30,None,15,0.87,0.5348,1733,0.5672,0.5438,3445.63,0.4319,777,0.5302,0.4951,-280.93,0.4491,FAIL
RSI7 35/65 noMacro exp30m,7,65,35,None,30,0.87,0.5348,3094,0.5446,0.527,3425.25,0.3294,1323,0.5193,0.4923,-503.97,0.5682,FAIL
RSI10 35/65 noMacro exp30m,10,65,35,None,30,0.9,0.5263,2283,0.5537,0.5332,3390.96,0.3773,1027,0.518,0.4874,-443.84,0.5475,FAIL
RSI7 30/70 noMacro exp30m,7,70,30,None,30,0.87,0.5348,1733,0.5591,0.5357,2919.63,0.288,777,0.5277,0.4925,-487.66,0.4966,FAIL
RSI10 30/70 noMacro exp60m,10,70,30,None,60,0.9,0.5263,1143,0.5626,0.5336,2847.81,0.2636,514,0.5195,0.4763,123.65,0.2191,FAIL
RSI10 30/70 noMacro exp15m,10,70,30,None,15,0.9,0.5263,1143,0.5661,0.5371,2388.4,0.245,514,0.5097,0.4666,-117.33,0.1823,FAIL
RSI7 35/65 noMacro exp60m,7,65,35,None,60,0.9,0.5263,3093,0.5377,0.5201,2362.62,0.407,1323,0.517,0.4901,-516.76,0.5703,FAIL
RSI14 35/65 noMacro exp60m,14,65,35,None,60,0.9,0.5263,1679,0.5503,0.5264,2285.76,0.3147,764,0.5026,0.4672,-389.96,0.4149,FAIL
RSI7 30/70 noMacro exp60m,7,70,30,None,60,0.87,0.5348,1732,0.5543,0.5308,2174.01,0.3266,777,0.5302,0.4951,-397.71,0.4771,FAIL
RSI7 35/65 noMacro exp15m,7,65,35,None,15,0.87,0.5348,3094,0.5511,0.5335,1997.4,0.3912,1322,0.5234,0.4965,-344.69,0.5768,FAIL
RSI7 25/75 noMacro exp15m,7,75,25,None,15,0.9,0.5263,898,0.5768,0.5443,1984.85,0.2997,409,0.5086,0.4603,-164.77,0.319,FAIL
RSI10 30/70 noMacro exp60m,10,70,30,None,60,0.87,0.5348,1143,0.5626,0.5336,1984.63,0.2763,514,0.5195,0.4763,71.97,0.1925,FAIL
RSI10 30/70 noMacro exp30m,10,70,30,None,30,0.9,0.5263,1143,0.5582,0.5292,1959.6,0.2896,514,0.5019,0.4589,-328.1,0.3707,FAIL
RSI10 35/65 noMacro exp60m,10,65,35,None,60,0.87,0.5348,2282,0.5517,0.5312,1901.25,0.4738,1027,0.5141,0.4836,-117.61,0.4001,FAIL
RSI14 35/65 noMacro exp60m,14,65,35,None,60,0.87,0.5348,1679,0.5503,0.5264,1641.34,0.2683,764,0.5026,0.4672,-424.05,0.4339,FAIL
RSI7 30/70 EMA50 exp15m,7,70,30,50,15,0.9,0.5263,515,0.5942,0.5512,1624.96,0.1636,235,0.5106,0.4471,-205.02,0.2788,FAIL
RSI10 35/65 EMA50 exp15m,10,65,35,50,15,0.9,0.5263,657,0.5708,0.5326,1580.29,0.207,284,0.493,0.4353,-263.2,0.3023,FAIL
RSI14 35/65 noMacro exp30m,14,65,35,None,30,0.9,0.5263,1679,0.5468,0.5229,1579.07,0.3942,764,0.4921,0.4568,-273.01,0.4137,FAIL
RSI14 35/65 noMacro exp15m,14,65,35,None,15,0.9,0.5263,1679,0.5491,0.5253,1575.22,0.434,764,0.4987,0.4633,-278.2,0.3871,FAIL
RSI10 35/65 noMacro exp30m,10,65,35,None,30,0.87,0.5348,2283,0.5537,0.5332,1566.28,0.4248,1027,0.518,0.4874,-485.39,0.538,FAIL
RSI10 30/70 noMacro exp15m,10,70,30,None,15,0.87,0.5348,1143,0.5661,0.5371,1544.53,0.2712,514,0.5097,0.4666,-125.91,0.1562,FAIL
RSI21 35/65 noMacro exp60m,21,65,35,None,60,0.9,0.5263,1116,0.5636,0.5344,1523.06,0.2773,466,0.5043,0.459,-350.82,0.3979,FAIL
RSI7 25/75 noMacro exp30m,7,75,25,None,30,0.9,0.5263,898,0.5601,0.5275,1492.9,0.2419,409,0.5159,0.4675,-146.87,0.2789,FAIL
RSI10 35/65 noMacro exp15m,10,65,35,None,15,0.87,0.5348,2283,0.558,0.5376,1413.93,0.4047,1027,0.5161,0.4855,-456.59,0.5055,FAIL
RSI7 35/65 EMA50 exp15m,7,65,35,50,15,0.9,0.5263,985,0.5604,0.5292,1313.47,0.2753,390,0.5385,0.4888,164.61,0.247,FAIL
RSI7 25/75 noMacro exp15m,7,75,25,None,15,0.87,0.5348,898,0.5768,0.5443,1198.95,0.3459,409,0.5086,0.4603,-192.36,0.3018,FAIL
RSI10 35/65 EMA50 exp15m,10,65,35,50,15,0.87,0.5348,657,0.5708,0.5326,1189.1,0.1928,284,0.493,0.4353,-289.07,0.3249,FAIL
RSI7 30/70 EMA50 exp15m,7,70,30,50,15,0.87,0.5348,515,0.5942,0.5512,1184.08,0.168,235,0.5106,0.4471,-197.47,0.2577,FAIL
RSI21 35/65 noMacro exp15m,21,65,35,None,15,0.9,0.5263,1116,0.5394,0.5101,1155.43,0.2495,466,0.5086,0.4633,-274.82,0.3322,FAIL
RSI10 30/70 noMacro exp30m,10,70,30,None,30,0.87,0.5348,1143,0.5582,0.5292,1135.97,0.2886,514,0.5019,0.4589,-305.69,0.3354,FAIL
RSI7 20/80 noMacro exp60m,7,80,20,None,60,0.9,0.5263,423,0.5768,0.5293,1085.58,0.2004,200,0.495,0.4265,-123.19,0.1883,FAIL
RSI7 25/75 noMacro exp30m,7,75,25,None,30,0.87,0.5348,898,0.5601,0.5275,1004.54,0.2346,409,0.5159,0.4675,-187.49,0.2755,FAIL
RSI21 35/65 noMacro exp30m,21,65,35,None,30,0.9,0.5263,1116,0.5439,0.5146,987.4,0.2275,466,0.5064,0.4612,-347.19,0.3649,FAIL
RSI7 20/80 noMacro exp60m,7,80,20,None,60,0.87,0.5348,423,0.5768,0.5293,889.39,0.1877,200,0.495,0.4265,-112.69,0.1609,FAIL
RSI21 35/65 noMacro exp60m,21,65,35,None,60,0.87,0.5348,1116,0.5636,0.5344,866.93,0.3037,466,0.5043,0.459,-307.0,0.3717,FAIL
RSI7 30/70 EMA50 exp30m,7,70,30,50,30,0.9,0.5263,515,0.5748,0.5317,862.78,0.1771,235,0.5149,0.4513,-106.83,0.2183,FAIL
RSI7 20/80 noMacro exp15m,7,80,20,None,15,0.9,0.5263,423,0.5839,0.5364,855.61,0.2174,200,0.48,0.4118,-89.04,0.1417,FAIL
RSI7 35/65 noMacro exp60m,7,65,35,None,60,0.87,0.5348,3093,0.5377,0.5201,848.05,0.4005,1323,0.517,0.4901,-528.36,0.5587,FAIL
RSI7 35/65 EMA50 exp15m,7,65,35,50,15,0.87,0.5348,985,0.5604,0.5292,824.28,0.2874,390,0.5385,0.4888,105.09,0.2038,FAIL
RSI14 30/70 noMacro exp15m,14,70,30,None,15,0.9,0.5263,750,0.5573,0.5216,806.91,0.206,313,0.5144,0.4592,-266.99,0.3087,FAIL
RSI14 35/65 noMacro exp30m,14,65,35,None,30,0.87,0.5348,1679,0.5468,0.5229,794.57,0.3922,764,0.4921,0.4568,-255.74,0.3768,FAIL
RSI14 30/70 noMacro exp60m,14,70,30,None,60,0.9,0.5263,750,0.5613,0.5256,775.08,0.2884,313,0.5112,0.456,-117.72,0.312,FAIL
RSI21 35/65 noMacro exp30m,21,65,35,None,30,0.87,0.5348,1116,0.5439,0.5146,737.11,0.2325,466,0.5064,0.4612,-382.3,0.3874,FAIL
RSI7 25/75 EMA50 exp15m,7,75,25,50,15,0.9,0.5263,242,0.5992,0.5363,729.32,0.1421,120,0.5,0.4119,-126.03,0.1278,FAIL
RSI14 35/65 noMacro exp15m,14,65,35,None,15,0.87,0.5348,1679,0.5491,0.5253,656.34,0.4505,764,0.4987,0.4633,-287.37,0.357,FAIL
RSI7 20/80 noMacro exp15m,7,80,20,None,15,0.87,0.5348,423,0.5839,0.5364,633.56,0.2197,200,0.48,0.4118,-76.54,0.1168,FAIL
RSI21 35/65 noMacro exp15m,21,65,35,None,15,0.87,0.5348,1116,0.5394,0.5101,629.46,0.2458,466,0.5086,0.4633,-284.11,0.3218,FAIL
RSI7 20/80 noMacro exp30m,7,80,20,None,30,0.9,0.5263,423,0.5697,0.5221,611.81,0.1888,200,0.505,0.4363,-73.22,0.1309,FAIL
RSI7 30/70 EMA50 exp30m,7,70,30,50,30,0.87,0.5348,515,0.5748,0.5317,605.09,0.1941,235,0.5149,0.4513,-130.01,0.2091,FAIL
RSI7 25/75 EMA50 exp15m,7,75,25,50,15,0.87,0.5348,242,0.5992,0.5363,570.54,0.1446,120,0.5,0.4119,-97.56,0.1022,FAIL
RSI10 35/65 EMA50 exp60m,10,65,35,50,60,0.9,0.5263,656,0.5549,0.5166,568.79,0.2328,284,0.4965,0.4388,-238.23,0.246,FAIL
RSI10 35/65 EMA50 exp30m,10,65,35,50,30,0.9,0.5263,657,0.5586,0.5204,564.16,0.1704,284,0.5141,0.4562,15.51,0.1733,FAIL
RSI10 30/70 EMA50 exp15m,10,70,30,50,15,0.9,0.5263,291,0.5808,0.5234,553.8,0.14,133,0.4737,0.3908,-105.66,0.1106,FAIL
RSI14 30/70 noMacro exp15m,14,70,30,None,15,0.87,0.5348,750,0.5573,0.5216,517.33,0.2156,313,0.5144,0.4592,-235.34,0.2719,FAIL
RSI14 35/65 EMA50 exp15m,14,65,35,50,15,0.9,0.5263,409,0.5623,0.5139,487.58,0.1525,178,0.4831,0.4109,-50.79,0.1359,FAIL
RSI14 30/70 noMacro exp60m,14,70,30,None,60,0.87,0.5348,750,0.5613,0.5256,486.95,0.2876,313,0.5112,0.456,-119.47,0.2701,FAIL
RSI7 20/80 noMacro exp30m,7,80,20,None,30,0.87,0.5348,423,0.5697,0.5221,426.53,0.187,200,0.505,0.4363,-110.58,0.1259,FAIL
RSI10 25/75 noMacro exp15m,10,75,25,None,15,0.9,0.5263,520,0.5712,0.5282,395.97,0.2333,230,0.5087,0.4445,-179.49,0.2224,FAIL
RSI10 35/65 EMA50 exp60m,10,65,35,50,60,0.87,0.5348,656,0.5549,0.5166,392.34,0.228,284,0.4965,0.4388,-242.57,0.2443,FAIL
RSI7 25/75 noMacro exp60m,7,75,25,None,60,0.9,0.5263,898,0.5479,0.5152,390.87,0.3351,409,0.5134,0.4651,39.39,0.2834,FAIL
RSI10 30/70 EMA50 exp15m,10,70,30,50,15,0.87,0.5348,291,0.5808,0.5234,381.29,0.1344,133,0.4737,0.3908,-85.26,0.0936,FAIL
RSI10 25/75 noMacro exp60m,10,75,25,None,60,0.9,0.5263,520,0.5385,0.4955,338.19,0.1974,230,0.5261,0.4617,-34.88,0.2151,FAIL
RSI7 25/75 EMA50 exp30m,7,75,25,50,30,0.9,0.5263,242,0.5702,0.5073,334.93,0.2254,120,0.5083,0.42,-93.45,0.1441,FAIL
RSI14 35/65 EMA50 exp30m,14,65,35,50,30,0.9,0.5263,409,0.5428,0.4943,319.83,0.1835,178,0.5,0.4273,-77.38,0.1967,FAIL
RSI14 35/65 EMA50 exp15m,14,65,35,50,15,0.87,0.5348,409,0.5623,0.5139,312.77,0.1586,178,0.4831,0.4109,-48.68,0.1222,FAIL
RSI14 35/65 EMA50 exp30m,14,65,35,50,30,0.87,0.5348,409,0.5428,0.4943,275.26,0.1647,178,0.5,0.4273,-110.89,0.2101,FAIL
RSI10 35/65 EMA50 exp30m,10,65,35,50,30,0.87,0.5348,657,0.5586,0.5204,257.26,0.1937,284,0.5141,0.4562,-42.3,0.1745,FAIL
RSI7 25/75 EMA50 exp30m,7,75,25,50,30,0.87,0.5348,242,0.5702,0.5073,256.77,0.219,120,0.5083,0.42,-76.06,0.1067,FAIL
RSI7 35/65 EMA50 exp30m,7,65,35,50,30,0.9,0.5263,985,0.5431,0.5119,224.66,0.2731,390,0.5077,0.4582,-23.97,0.1877,FAIL
RSI21 30/70 noMacro exp60m,21,70,30,None,60,0.9,0.5263,371,0.5391,0.4882,216.47,0.1971,153,0.5294,0.4506,-34.0,0.1538,FAIL
RSI21 25/75 noMacro exp60m,21,75,25,None,60,0.9,0.5263,99,0.596,0.4975,196.73,0.1259,45,0.5556,0.4118,11.8,0.0752,FAIL
RSI10 25/75 noMacro exp60m,10,75,25,None,60,0.87,0.5348,520,0.5385,0.4955,184.31,0.2079,230,0.5261,0.4617,-54.96,0.2096,FAIL
RSI7 30/70 EMA50 exp60m,7,70,30,50,60,0.9,0.5263,514,0.5545,0.5113,117.88,0.2201,235,0.5021,0.4387,-236.25,0.2662,FAIL
RSI21 30/70 noMacro exp60m,21,70,30,None,60,0.87,0.5348,371,0.5391,0.4882,117.86,0.173,153,0.5294,0.4506,-44.9,0.1333,FAIL
RSI10 25/75 noMacro exp15m,10,75,25,None,15,0.87,0.5348,520,0.5712,0.5282,111.43,0.2446,230,0.5087,0.4445,-186.06,0.2035,FAIL
RSI21 25/75 noMacro exp60m,21,75,25,None,60,0.87,0.5348,99,0.596,0.4975,101.58,0.1193,45,0.5556,0.4118,-15.45,0.0831,FAIL
RSI21 20/80 noMacro exp30m,21,80,20,None,30,0.9,0.5263,16,0.6875,0.444,99.91,0.0633,13,0.5385,0.2914,-8.49,0.0776,FAIL
RSI21 20/80 noMacro exp60m,21,80,20,None,60,0.9,0.5263,16,0.6875,0.444,94.33,0.061,13,0.5385,0.2914,-4.0,0.061,FAIL
RSI21 20/80 noMacro exp30m,21,80,20,None,30,0.87,0.5348,16,0.6875,0.444,92.78,0.0644,13,0.5385,0.2914,-19.6,0.0755,FAIL
RSI14 25/75 noMacro exp15m,14,75,25,None,15,0.9,0.5263,279,0.5269,0.4683,91.75,0.2215,112,0.5179,0.4263,-102.08,0.1336,FAIL
RSI21 20/80 noMacro exp60m,21,80,20,None,60,0.87,0.5348,16,0.6875,0.444,81.32,0.0616,13,0.5385,0.2914,-13.96,0.0616,FAIL
RSI7 20/80 EMA50 exp15m,7,80,20,50,15,0.9,0.5263,99,0.5556,0.4574,76.9,0.0763,46,0.5,0.3612,-50.06,0.0563,FAIL
RSI10 30/70 EMA50 exp30m,10,70,30,50,30,0.9,0.5263,291,0.5464,0.489,74.23,0.2308,133,0.5038,0.4199,-120.81,0.2049,FAIL
RSI7 25/75 noMacro exp60m,7,75,25,None,60,0.87,0.5348,898,0.5479,0.5152,73.08,0.3528,409,0.5134,0.4651,3.09,0.2468,FAIL
RSI21 35/65 EMA50 exp60m,21,65,35,50,60,0.9,0.5263,210,0.5476,0.48,71.68,0.176,82,0.5366,0.4294,-32.56,0.0971,FAIL
RSI10 20/80 noMacro exp15m,10,80,20,None,15,0.9,0.5263,188,0.5053,0.4345,58.25,0.1808,85,0.5412,0.4358,-92.39,0.1712,FAIL
RSI7 20/80 EMA50 exp15m,7,80,20,50,15,0.87,0.5348,99,0.5556,0.4574,45.23,0.0845,46,0.5,0.3612,-45.4,0.0514,FAIL
RSI21 20/80 noMacro exp15m,21,80,20,None,15,0.9,0.5263,16,0.625,0.3864,36.92,0.0467,13,0.4615,0.2321,-52.98,0.0579,FAIL
RSI10 20/80 noMacro exp15m,10,80,20,None,15,0.87,0.5348,188,0.5053,0.4345,34.53,0.1619,85,0.5412,0.4358,-106.54,0.179,FAIL
RSI7 20/80 EMA50 exp30m,7,80,20,50,30,0.9,0.5263,99,0.5657,0.4674,33.3,0.1281,46,0.5217,0.3814,-58.57,0.0612,FAIL
RSI14 30/70 noMacro exp30m,14,70,30,None,30,0.9,0.5263,750,0.532,0.4962,27.8,0.2521,313,0.5144,0.4592,266.01,0.138,FAIL
RSI7 25/75 EMA50 exp60m,7,75,25,50,60,0.9,0.5263,242,0.5248,0.462,27.72,0.2134,120,0.4917,0.4039,-47.61,0.1083,FAIL
RSI14 25/75 noMacro exp15m,14,75,25,None,15,0.87,0.5348,279,0.5269,0.4683,27.37,0.2094,112,0.5179,0.4263,-84.59,0.1131,FAIL
RSI21 35/65 EMA50 exp60m,21,65,35,50,60,0.87,0.5348,210,0.5476,0.48,20.89,0.163,82,0.5366,0.4294,-37.17,0.0935,FAIL
RSI7 25/75 EMA50 exp60m,7,75,25,50,60,0.87,0.5348,242,0.5248,0.462,17.26,0.21,120,0.4917,0.4039,-60.28,0.1062,FAIL
RSI14 20/80 noMacro exp60m,14,80,20,None,60,0.9,0.5263,75,0.5467,0.4345,16.03,0.0973,34,0.5294,0.3674,-87.95,0.0879,FAIL
RSI14 20/80 noMacro exp60m,14,80,20,None,60,0.87,0.5348,75,0.5467,0.4345,15.11,0.0703,34,0.5294,0.3674,-100.03,0.1,FAIL
RSI21 20/80 noMacro exp15m,21,80,20,None,15,0.87,0.5348,16,0.625,0.3864,12.7,0.0579,13,0.4615,0.2321,-53.43,0.0543,FAIL
RSI14 30/70 EMA50 exp60m,14,70,30,50,60,0.9,0.5263,153,0.5229,0.4441,11.67,0.1891,67,0.5075,0.3906,-70.59,0.1032,FAIL
RSI7 20/80 EMA50 exp30m,7,80,20,50,30,0.87,0.5348,99,0.5657,0.4674,11.27,0.1143,46,0.5217,0.3814,-47.04,0.0491,FAIL
RSI10 30/70 EMA50 exp30m,10,70,30,50,30,0.87,0.5348,291,0.5464,0.489,5.65,0.2095,133,0.5038,0.4199,-129.86,0.1925,FAIL
RSI14 30/70 EMA50 exp60m,14,70,30,50,60,0.87,0.5348,153,0.5229,0.4441,-2.62,0.1819,67,0.5075,0.3906,-53.7,0.0865,FAIL
RSI14 30/70 noMacro exp30m,14,70,30,None,30,0.87,0.5348,750,0.532,0.4962,-5.08,0.2382,313,0.5144,0.4592,205.66,0.1356,FAIL
RSI7 20/80 EMA50 exp60m,7,80,20,50,60,0.9,0.5263,99,0.5253,0.4278,-8.15,0.1691,46,0.5,0.3612,-45.27,0.0548,FAIL
RSI14 35/65 EMA50 exp60m,14,65,35,50,60,0.9,0.5263,409,0.5403,0.4919,-12.44,0.2661,178,0.5,0.4273,-163.53,0.215,FAIL
RSI21 25/75 EMA50 exp15m,21,75,25,50,15,0.9,0.5263,6,0.5,0.1876,-14.66,0.0396,3,1.0,0.4385,54.98,0.0,FAIL
RSI21 25/75 EMA50 exp30m,21,75,25,50,30,0.9,0.5263,6,0.5,0.1876,-14.66,0.0396,3,1.0,0.4385,54.98,0.0,FAIL
RSI21 20/80 EMA50 exp15m,21,80,20,50,15,0.87,0.5348,1,0.0,0.0,-20.0,0.02,0,0.0,0.0,0.0,0.0,FAIL
RSI21 20/80 EMA50 exp30m,21,80,20,50,30,0.87,0.5348,1,0.0,0.0,-20.0,0.02,0,0.0,0.0,0.0,0.0,FAIL
RSI21 20/80 EMA50 exp60m,21,80,20,50,60,0.87,0.5348,1,0.0,0.0,-20.0,0.02,0,0.0,0.0,0.0,0.0,FAIL
RSI21 20/80 EMA50 exp15m,21,80,20,50,15,0.9,0.5263,1,0.0,0.0,-20.0,0.02,0,0.0,0.0,0.0,0.0,FAIL
RSI21 20/80 EMA50 exp30m,21,80,20,50,30,0.9,0.5263,1,0.0,0.0,-20.0,0.02,0,0.0,0.0,0.0,0.0,FAIL
RSI21 20/80 EMA50 exp60m,21,80,20,50,60,0.9,0.5263,1,0.0,0.0,-20.0,0.02,0,0.0,0.0,0.0,0.0,FAIL
RSI10 20/80 noMacro exp60m,10,80,20,None,60,0.9,0.5263,188,0.5426,0.4712,-22.11,0.2182,85,0.5176,0.413,-104.07,0.1388,FAIL
RSI21 25/75 EMA50 exp15m,21,75,25,50,15,0.87,0.5348,6,0.5,0.1876,-22.2,0.0396,3,1.0,0.4385,53.11,0.0,FAIL
RSI21 25/75 EMA50 exp30m,21,75,25,50,30,0.87,0.5348,6,0.5,0.1876,-22.2,0.0396,3,1.0,0.4385,53.11,0.0,FAIL
RSI7 20/80 EMA50 exp60m,7,80,20,50,60,0.87,0.5348,99,0.5253,0.4278,-23.96,0.1678,46,0.5,0.3612,-41.44,0.0505,FAIL
RSI14 25/75 EMA50 exp15m,14,75,25,50,15,0.87,0.5348,51,0.4902,0.3586,-28.07,0.0644,16,0.5,0.28,-50.1,0.0518,FAIL
RSI14 20/80 EMA50 exp15m,14,80,20,50,15,0.87,0.5348,4,0.25,0.0456,-35.23,0.0352,3,1.0,0.4385,53.11,0.0,FAIL
RSI14 20/80 EMA50 exp30m,14,80,20,50,30,0.87,0.5348,4,0.25,0.0456,-35.23,0.0352,3,0.6667,0.2077,14.4,0.02,FAIL
RSI14 20/80 EMA50 exp60m,14,80,20,50,60,0.87,0.5348,4,0.25,0.0456,-35.23,0.0352,3,0.0,0.0,-30.28,0.0303,FAIL
RSI7 30/70 EMA50 exp60m,7,70,30,50,60,0.87,0.5348,514,0.5545,0.5113,-36.92,0.2338,235,0.5021,0.4387,-213.9,0.2285,FAIL
RSI14 25/75 EMA50 exp15m,14,75,25,50,15,0.9,0.5263,51,0.4902,0.3586,-37.89,0.0751,16,0.5,0.28,-60.46,0.0636,FAIL
RSI21 25/75 EMA50 exp60m,21,75,25,50,60,0.87,0.5348,6,0.3333,0.0968,-38.58,0.055,3,0.3333,0.0615,-31.69,0.0317,FAIL
RSI10 20/80 EMA50 exp15m,10,80,20,50,15,0.87,0.5348,36,0.5,0.3447,-40.35,0.1054,15,0.6,0.3575,-15.75,0.0522,FAIL
RSI21 25/75 EMA50 exp60m,21,75,25,50,60,0.9,0.5263,6,0.3333,0.0968,-41.1,0.0581,3,0.3333,0.0615,-27.71,0.0277,FAIL
RSI14 25/75 EMA50 exp30m,14,75,25,50,30,0.87,0.5348,51,0.4118,0.2875,-42.83,0.0463,16,0.5,0.28,-64.72,0.0665,FAIL
RSI14 20/80 EMA50 exp15m,14,80,20,50,15,0.9,0.5263,4,0.25,0.0456,-43.56,0.0436,3,1.0,0.4385,54.98,0.0,FAIL
RSI14 20/80 EMA50 exp30m,14,80,20,50,30,0.9,0.5263,4,0.25,0.0456,-43.56,0.0436,3,0.6667,0.2077,15.59,0.02,FAIL
RSI14 20/80 EMA50 exp60m,14,80,20,50,60,0.9,0.5263,4,0.25,0.0456,-43.56,0.0436,3,0.0,0.0,-34.48,0.0345,FAIL
RSI21 30/70 EMA50 exp30m,21,70,30,50,30,0.87,0.5348,55,0.3818,0.2652,-46.83,0.0493,19,0.4737,0.2733,-49.79,0.0524,FAIL
RSI10 20/80 noMacro exp60m,10,80,20,None,60,0.87,0.5348,188,0.5426,0.4712,-50.3,0.2074,85,0.5176,0.413,-105.36,0.1306,FAIL
RSI14 25/75 EMA50 exp30m,14,75,25,50,30,0.9,0.5263,51,0.4118,0.2875,-50.61,0.0542,16,0.5,0.28,-68.95,0.0721,FAIL
RSI10 20/80 EMA50 exp15m,10,80,20,50,15,0.9,0.5263,36,0.5,0.3447,-52.43,0.1177,15,0.6,0.3575,6.35,0.0396,FAIL
RSI21 30/70 EMA50 exp30m,21,70,30,50,30,0.9,0.5263,55,0.3818,0.2652,-54.61,0.0572,19,0.4737,0.2733,-61.55,0.0642,FAIL
RSI14 35/65 EMA50 exp60m,14,65,35,50,60,0.87,0.5348,409,0.5403,0.4919,-55.64,0.2785,178,0.5,0.4273,-125.34,0.1655,FAIL
RSI10 20/80 EMA50 exp30m,10,80,20,50,30,0.87,0.5348,36,0.4444,0.2954,-69.84,0.0714,15,0.6,0.3575,-0.29,0.0566,FAIL
RSI7 35/65 EMA50 exp30m,7,65,35,50,30,0.87,0.5348,985,0.5431,0.5119,-72.83,0.2795,390,0.5077,0.4582,-87.82,0.2095,FAIL
RSI21 30/70 EMA50 exp15m,21,70,30,50,15,0.87,0.5348,55,0.4909,0.3638,-73.05,0.1204,19,0.4737,0.2733,-42.31,0.0449,FAIL
RSI10 20/80 EMA50 exp30m,10,80,20,50,30,0.9,0.5263,36,0.4444,0.2954,-74.75,0.0764,15,0.6,0.3575,19.39,0.0588,FAIL
RSI14 25/75 EMA50 exp60m,14,75,25,50,60,0.9,0.5263,51,0.451,0.3227,-75.56,0.0844,16,0.4375,0.231,-45.85,0.0477,FAIL
RSI21 30/70 noMacro exp15m,21,70,30,None,15,0.9,0.5263,371,0.5148,0.4641,-77.13,0.2086,153,0.5163,0.4377,-211.53,0.2255,FAIL
RSI10 20/80 EMA50 exp60m,10,80,20,50,60,0.9,0.5263,36,0.3889,0.2478,-79.8,0.1058,15,0.4667,0.2481,-38.11,0.0408,FAIL
RSI14 20/80 noMacro exp30m,14,80,20,None,30,0.87,0.5348,75,0.4667,0.3582,-80.34,0.083,34,0.5,0.3407,-52.5,0.0862,FAIL
RSI10 20/80 EMA50 exp60m,10,80,20,50,60,0.87,0.5348,36,0.3889,0.2478,-81.75,0.1029,15,0.4667,0.2481,-29.85,0.0325,FAIL
RSI21 25/75 noMacro exp15m,21,75,25,None,15,0.9,0.5263,99,0.4646,0.3696,-88.12,0.0942,45,0.5333,0.3908,-19.19,0.1005,FAIL
RSI21 30/70 EMA50 exp15m,21,70,30,50,15,0.9,0.5263,55,0.4909,0.3638,-88.43,0.1372,19,0.4737,0.2733,-46.53,0.0492,FAIL
RSI10 25/75 EMA50 exp30m,10,75,25,50,30,0.87,0.5348,111,0.5135,0.4216,-88.52,0.1242,52,0.5577,0.4234,-16.02,0.0445,FAIL
RSI21 30/70 EMA50 exp60m,21,70,30,50,60,0.9,0.5263,55,0.4,0.2812,-89.35,0.0929,19,0.5263,0.3171,-52.07,0.0781,FAIL
RSI10 25/75 EMA50 exp15m,10,75,25,50,15,0.87,0.5348,111,0.5315,0.4392,-91.3,0.0983,52,0.5577,0.4234,-40.33,0.0682,FAIL
RSI14 25/75 EMA50 exp60m,14,75,25,50,60,0.87,0.5348,51,0.451,0.3227,-93.4,0.0959,16,0.4375,0.231,-34.01,0.0357,FAIL
RSI14 20/80 noMacro exp15m,14,80,20,None,15,0.87,0.5348,75,0.4,0.2966,-93.45,0.0967,34,0.4118,0.2637,-35.47,0.069,FAIL
RSI21 30/70 EMA50 exp60m,21,70,30,50,60,0.87,0.5348,55,0.4,0.2812,-93.52,0.0969,19,0.5263,0.3171,-48.88,0.0701,FAIL
RSI21 25/75 noMacro exp30m,21,75,25,None,30,0.9,0.5263,99,0.5253,0.4278,-94.49,0.1478,45,0.5556,0.4118,-52.54,0.0902,FAIL
RSI14 25/75 noMacro exp60m,14,75,25,None,60,0.9,0.5263,279,0.5341,0.4754,-95.21,0.21,112,0.5446,0.4525,-21.72,0.1195,FAIL
RSI21 25/75 noMacro exp30m,21,75,25,None,30,0.87,0.5348,99,0.5253,0.4278,-98.52,0.1348,45,0.5556,0.4118,-79.21,0.0954,FAIL
RSI14 20/80 noMacro exp15m,14,80,20,None,15,0.9,0.5263,75,0.4,0.2966,-98.91,0.1023,34,0.4118,0.2637,-53.77,0.0878,FAIL
RSI14 25/75 noMacro exp60m,14,75,25,None,60,0.87,0.5348,279,0.5341,0.4754,-100.77,0.1894,112,0.5446,0.4525,-59.25,0.122,FAIL
RSI14 20/80 noMacro exp30m,14,80,20,None,30,0.9,0.5263,75,0.4667,0.3582,-101.5,0.1042,34,0.5,0.3407,-84.12,0.1171,FAIL
RSI10 25/75 EMA50 exp30m,10,75,25,50,30,0.9,0.5263,111,0.5135,0.4216,-101.69,0.148,52,0.5577,0.4234,-12.84,0.0577,FAIL
RSI10 25/75 EMA50 exp15m,10,75,25,50,15,0.9,0.5263,111,0.5315,0.4392,-103.39,0.1276,52,0.5577,0.4234,-35.15,0.079,FAIL
RSI21 25/75 noMacro exp15m,21,75,25,None,15,0.87,0.5348,99,0.4646,0.3696,-108.7,0.1145,45,0.5333,0.3908,-32.02,0.1039,FAIL
RSI10 25/75 EMA50 exp60m,10,75,25,50,60,0.87,0.5348,111,0.4595,0.3697,-108.92,0.1169,52,0.5192,0.3869,-55.89,0.0816,FAIL
RSI21 35/65 EMA50 exp30m,21,65,35,50,30,0.9,0.5263,210,0.5381,0.4706,-109.66,0.224,82,0.561,0.4532,17.73,0.0929,FAIL
RSI21 35/65 EMA50 exp30m,21,65,35,50,30,0.87,0.5348,210,0.5381,0.4706,-116.08,0.2064,82,0.561,0.4532,-8.67,0.095,FAIL
RSI10 20/80 noMacro exp30m,10,80,20,None,30,0.87,0.5348,188,0.4787,0.4085,-116.39,0.1193,85,0.5529,0.4472,-29.41,0.1347,FAIL
RSI10 25/75 noMacro exp30m,10,75,25,None,30,0.9,0.5263,520,0.5423,0.4993,-124.51,0.2956,230,0.5304,0.466,139.73,0.1159,FAIL
RSI21 35/65 EMA50 exp15m,21,65,35,50,15,0.87,0.5348,210,0.519,0.4517,-125.46,0.1404,82,0.5,0.3942,-66.12,0.0961,FAIL
RSI10 25/75 EMA50 exp60m,10,75,25,50,60,0.9,0.5263,111,0.4595,0.3697,-127.26,0.1453,52,0.5192,0.3869,-66.2,0.0909,FAIL
RSI14 30/70 EMA50 exp30m,14,70,30,50,30,0.9,0.5263,153,0.4967,0.4186,-129.74,0.1613,67,0.5373,0.4192,-34.91,0.0727,FAIL
RSI14 30/70 EMA50 exp30m,14,70,30,50,30,0.87,0.5348,153,0.4967,0.4186,-130.98,0.1698,67,0.5373,0.4192,-48.64,0.0715,FAIL
RSI21 30/70 noMacro exp15m,21,70,30,None,15,0.87,0.5348,371,0.5148,0.4641,-134.39,0.2398,153,0.5163,0.4377,-185.55,0.2035,FAIL
RSI10 20/80 noMacro exp30m,10,80,20,None,30,0.9,0.5263,188,0.4787,0.4085,-159.27,0.1633,85,0.5529,0.4472,-9.65,0.1373,FAIL
RSI21 30/70 noMacro exp30m,21,70,30,None,30,0.87,0.5348,371,0.4852,0.4347,-161.17,0.1638,153,0.5033,0.4249,-105.78,0.1095,FAIL
RSI14 30/70 EMA50 exp15m,14,70,30,50,15,0.9,0.5263,153,0.5359,0.457,-167.63,0.1807,67,0.5075,0.3906,-72.96,0.0783,FAIL
RSI14 30/70 EMA50 exp15m,14,70,30,50,15,0.87,0.5348,153,0.5359,0.457,-176.2,0.183,67,0.5075,0.3906,-80.22,0.085,FAIL
RSI21 35/65 EMA50 exp15m,21,65,35,50,15,0.9,0.5263,210,0.519,0.4517,-184.12,0.1985,82,0.5,0.3942,-57.33,0.096,FAIL
RSI10 30/70 EMA50 exp60m,10,70,30,50,60,0.9,0.5263,291,0.5326,0.4753,-188.52,0.2622,133,0.4812,0.398,-126.98,0.1596,FAIL
RSI10 30/70 EMA50 exp60m,10,70,30,50,60,0.87,0.5348,291,0.5326,0.4753,-218.08,0.2866,133,0.4812,0.398,-122.48,0.1473,FAIL
RSI14 25/75 noMacro exp30m,14,75,25,None,30,0.9,0.5263,279,0.4839,0.4258,-223.38,0.2252,112,0.5446,0.4525,100.83,0.061,FAIL
RSI14 25/75 noMacro exp30m,14,75,25,None,30,0.87,0.5348,279,0.4839,0.4258,-225.58,0.2273,112,0.5446,0.4525,66.04,0.0588,FAIL
RSI7 35/65 EMA50 exp60m,7,65,35,50,60,0.9,0.5263,984,0.5457,0.5145,-229.12,0.3942,390,0.5077,0.4582,-198.43,0.2212,FAIL
RSI21 30/70 noMacro exp30m,21,70,30,None,30,0.9,0.5263,371,0.4852,0.4347,-242.32,0.245,153,0.5033,0.4249,-135.79,0.1358,FAIL
RSI10 25/75 noMacro exp30m,10,75,25,None,30,0.87,0.5348,520,0.5423,0.4993,-260.38,0.4008,230,0.5304,0.466,130.65,0.1119,FAIL
RSI7 35/65 EMA50 exp60m,7,65,35,50,60,0.87,0.5348,984,0.5457,0.5145,-380.37,0.4238,390,0.5077,0.4582,-227.89,0.231,FAIL
